date,factory,line,capacity,production,defective
2021-01-04,A,1,1000,979,3
2021-01-04,A,2,1000,948,3
2021-01-04,A,3,1000,962,4
2021-01-04,B,4,1500,1473,3
2021-01-04,B,5,1500,1462,5
2021-01-04,C,6,2000,1982,4
2021-01-04,C,7,2000,2046,7
2021-01-04,C,8,2000,1993,6
2021-01-04,C,9,2000,2031,6
2021-01-05,A,1,1000,986,2
2021-01-05,A,2,1000,991,4
2021-01-05,A,3,1000,972,2
2021-01-05,B,4,1500,1484,1
2021-01-05,B,5,1500,1473,1
2021-01-05,C,6,2000,1960,9
2021-01-05,C,7,2000,2067,5
2021-01-05,C,8,2000,1989,5
2021-01-05,C,9,2000,2006,9
2021-01-06,A,1,1000,983,2
2021-01-06,A,2,1000,993,3
2021-01-06,A,3,1000,951,3
2021-01-06,B,4,1500,1490,1
2021-01-06,B,5,1500,1450,4
2021-01-06,C,6,2000,2014,9
2021-01-06,C,7,2000,2013,3
2021-01-06,C,8,2000,1946,4
2021-01-06,C,9,2000,2039,3
2021-01-07,A,1,1000,968,3
2021-01-07,A,2,1000,1019,4
2021-01-07,A,3,1000,998,2
2021-01-07,B,4,1500,1465,7
2021-01-07,B,5,1500,1455,7
2021-01-07,C,6,2000,2022,10
2021-01-07,C,7,2000,2013,5
2021-01-07,C,8,2000,2064,7
2021-01-07,C,9,2000,1968,6
2021-01-08,A,1,1000,957,4
2021-01-08,A,2,1000,962,1
2021-01-08,A,3,1000,1008,3
2021-01-08,B,4,1500,1456,7
2021-01-08,B,5,1500,1500,6
2021-01-08,C,6,2000,2051,9
2021-01-08,C,7,2000,2061,5
2021-01-08,C,8,2000,2053,2
2021-01-08,C,9,2000,1993,5
2021-01-11,A,1,1000,976,3
2021-01-11,A,2,1000,995,3
2021-01-11,A,3,1000,978,2
2021-01-11,B,4,1500,1465,2
2021-01-11,B,5,1500,1489,6
2021-01-11,C,6,2000,2007,9
2021-01-11,C,7,2000,2022,7
2021-01-11,C,8,2000,1976,5
2021-01-11,C,9,2000,2038,10
2021-01-12,A,1,1000,985,2
2021-01-12,A,2,1000,967,3
2021-01-12,A,3,1000,1013,1
2021-01-12,B,4,1500,1484,1
2021-01-12,B,5,1500,1468,2
2021-01-12,C,6,2000,1965,6
2021-01-12,C,7,2000,2048,2
2021-01-12,C,8,2000,1984,4
2021-01-12,C,9,2000,2039,5
2021-01-13,A,1,1000,1013,2
2021-01-13,A,2,1000,1008,4
2021-01-13,A,3,1000,1015,3
2021-01-13,B,4,1500,1524,6
2021-01-13,B,5,1500,1498,5
2021-01-13,C,6,2000,2089,5
2021-01-13,C,7,2000,2018,5
2021-01-13,C,8,2000,2013,4
2021-01-13,C,9,2000,2003,3
2021-01-14,A,1,1000,977,2
2021-01-14,A,2,1000,986,2
2021-01-14,A,3,1000,976,1
2021-01-14,B,4,1500,1507,2
2021-01-14,B,5,1500,1515,6
2021-01-14,C,6,2000,2071,3
2021-01-14,C,7,2000,2004,3
2021-01-14,C,8,2000,2060,9
2021-01-14,C,9,2000,2009,3
2021-01-15,A,1,1000,1015,2
2021-01-15,A,2,1000,1010,2
2021-01-15,A,3,1000,1013,5
2021-01-15,B,4,1500,1485,6
2021-01-15,B,5,1500,1497,5
2021-01-15,C,6,2000,2004,10
2021-01-15,C,7,2000,2065,9
2021-01-15,C,8,2000,2026,2
2021-01-15,C,9,2000,2068,1
2021-01-18,A,1,1000,973,1
2021-01-18,A,2,1000,994,2
2021-01-18,A,3,1000,1001,2
2021-01-18,B,4,1500,1507,4
2021-01-18,B,5,1500,1490,1
2021-01-18,C,6,2000,2008,8
2021-01-18,C,7,2000,2026,5
2021-01-18,C,8,2000,2041,6
2021-01-18,C,9,2000,2035,4
2021-01-19,A,1,1000,989,3
2021-01-19,A,2,1000,994,2
2021-01-19,A,3,1000,999,1
2021-01-19,B,4,1500,1492,3
2021-01-19,B,5,1500,1484,5
2021-01-19,C,6,2000,2036,8
2021-01-19,C,7,2000,2043,3
2021-01-19,C,8,2000,1988,7
2021-01-19,C,9,2000,2025,2
2021-01-20,A,1,1000,1023,2
2021-01-20,A,2,1000,990,2
2021-01-20,A,3,1000,1010,2
2021-01-20,B,4,1500,1485,3
2021-01-20,B,5,1500,1518,2
2021-01-20,C,6,2000,2096,6
2021-01-20,C,7,2000,2060,9
2021-01-20,C,8,2000,2039,9
2021-01-20,C,9,2000,2073,2
2021-01-21,A,1,1000,993,3
2021-01-21,A,2,1000,984,4
2021-01-21,A,3,1000,1023,2
2021-01-21,B,4,1500,1498,3
2021-01-21,B,5,1500,1492,5
2021-01-21,C,6,2000,2018,1
2021-01-21,C,7,2000,2004,1
2021-01-21,C,8,2000,2023,4
2021-01-21,C,9,2000,2044,2
2021-01-22,A,1,1000,1018,1
2021-01-22,A,2,1000,1006,1
2021-01-22,A,3,1000,1029,4
2021-01-22,B,4,1500,1499,2
2021-01-22,B,5,1500,1492,6
2021-01-22,C,6,2000,2038,7
2021-01-22,C,7,2000,2003,6
2021-01-22,C,8,2000,2073,6
2021-01-22,C,9,2000,2023,5
2021-01-25,A,1,1000,990,5
2021-01-25,A,2,1000,1018,3
2021-01-25,A,3,1000,972,1
2021-01-25,B,4,1500,1503,2
2021-01-25,B,5,1500,1509,6
2021-01-25,C,6,2000,2094,5
2021-01-25,C,7,2000,2012,7
2021-01-25,C,8,2000,2063,8
2021-01-25,C,9,2000,2086,4
2021-01-26,A,1,1000,997,2
2021-01-26,A,2,1000,986,4
2021-01-26,A,3,1000,995,1
2021-01-26,B,4,1500,1509,5
2021-01-26,B,5,1500,1490,3
2021-01-26,C,6,2000,2053,6
2021-01-26,C,7,2000,2002,6
2021-01-26,C,8,2000,2070,1
2021-01-26,C,9,2000,2026,2
2021-01-27,A,1,1000,982,3
2021-01-27,A,2,1000,1003,4
2021-01-27,A,3,1000,1026,3
2021-01-27,B,4,1500,1510,6
2021-01-27,B,5,1500,1527,2
2021-01-27,C,6,2000,2055,7
2021-01-27,C,7,2000,2096,6
2021-01-27,C,8,2000,2009,2
2021-01-27,C,9,2000,2004,8
2021-01-28,A,1,1000,986,2
2021-01-28,A,2,1000,1011,5
2021-01-28,A,3,1000,1007,3
2021-01-28,B,4,1500,1452,7
2021-01-28,B,5,1500,1459,4
2021-01-28,C,6,2000,2043,6
2021-01-28,C,7,2000,2002,5
2021-01-28,C,8,2000,2036,2
2021-01-28,C,9,2000,1965,4
2021-01-29,A,1,1000,982,4
2021-01-29,A,2,1000,974,1
2021-01-29,A,3,1000,1012,3
2021-01-29,B,4,1500,1485,7
2021-01-29,B,5,1500,1469,4
2021-01-29,C,6,2000,1970,7
2021-01-29,C,7,2000,2006,3
2021-01-29,C,8,2000,1969,8
2021-01-29,C,9,2000,2035,5
2021-02-01,A,1,1000,989,1
2021-02-01,A,2,1000,983,3
2021-02-01,A,3,1000,1004,4
2021-02-01,B,4,1500,1511,2
2021-02-01,B,5,1500,1512,4
2021-02-01,C,6,2000,2090,8
2021-02-01,C,7,2000,2020,6
2021-02-01,C,8,2000,2065,5
2021-02-01,C,9,2000,2055,2
2021-02-02,A,1,1000,975,3
2021-02-02,A,2,1000,963,2
2021-02-02,A,3,1000,959,3
2021-02-02,B,4,1500,1476,5
2021-02-02,B,5,1500,1471,3
2021-02-02,C,6,2000,1996,3
2021-02-02,C,7,2000,1996,5
2021-02-02,C,8,2000,1985,1
2021-02-02,C,9,2000,2019,1
2021-02-03,A,1,1000,977,5
2021-02-03,A,2,1000,965,2
2021-02-03,A,3,1000,957,1
2021-02-03,B,4,1500,1493,2
2021-02-03,B,5,1500,1504,7
2021-02-03,C,6,2000,1973,8
2021-02-03,C,7,2000,1977,5
2021-02-03,C,8,2000,2030,2
2021-02-03,C,9,2000,2054,1
2021-02-04,A,1,1000,1012,1
2021-02-04,A,2,1000,977,1
2021-02-04,A,3,1000,1022,1
2021-02-04,B,4,1500,1509,6
2021-02-04,B,5,1500,1499,4
2021-02-04,C,6,2000,2029,5
2021-02-04,C,7,2000,2012,7
2021-02-04,C,8,2000,2085,4
2021-02-04,C,9,2000,2082,8
2021-02-05,A,1,1000,978,2
2021-02-05,A,2,1000,1020,1
2021-02-05,A,3,1000,984,4
2021-02-05,B,4,1500,1491,3
2021-02-05,B,5,1500,1512,4
2021-02-05,C,6,2000,2070,6
2021-02-05,C,7,2000,2097,10
2021-02-05,C,8,2000,2097,9
2021-02-05,C,9,2000,2033,7
2021-02-08,A,1,1000,997,5
2021-02-08,A,2,1000,1020,3
2021-02-08,A,3,1000,1010,4
2021-02-08,B,4,1500,1527,1
2021-02-08,B,5,1500,1492,7
2021-02-08,C,6,2000,2024,7
2021-02-08,C,7,2000,2029,2
2021-02-08,C,8,2000,2027,6
2021-02-08,C,9,2000,2023,3
2021-02-09,A,1,1000,1003,1
2021-02-09,A,2,1000,1010,1
2021-02-09,A,3,1000,1022,1
2021-02-09,B,4,1500,1504,1
2021-02-09,B,5,1500,1496,6
2021-02-09,C,6,2000,2058,5
2021-02-09,C,7,2000,2064,7
2021-02-09,C,8,2000,2049,10
2021-02-09,C,9,2000,2007,9
2021-02-10,A,1,1000,1010,2
2021-02-10,A,2,1000,983,3
2021-02-10,A,3,1000,995,2
2021-02-10,B,4,1500,1525,6
2021-02-10,B,5,1500,1519,2
2021-02-10,C,6,2000,2005,9
2021-02-10,C,7,2000,2038,6
2021-02-10,C,8,2000,2051,10
2021-02-10,C,9,2000,2092,8
2021-02-15,A,1,1000,1029,2
2021-02-15,A,2,1000,1022,1
2021-02-15,A,3,1000,984,3
2021-02-15,B,4,1500,1529,2
2021-02-15,B,5,1500,1487,5
2021-02-15,C,6,2000,2082,3
2021-02-15,C,7,2000,2010,2
2021-02-15,C,8,2000,2003,2
2021-02-15,C,9,2000,2006,5
2021-02-16,A,1,1000,1008,2
2021-02-16,A,2,1000,1015,3
2021-02-16,A,3,1000,1016,2
2021-02-16,B,4,1500,1488,3
2021-02-16,B,5,1500,1511,3
2021-02-16,C,6,2000,2035,5
2021-02-16,C,7,2000,2002,8
2021-02-16,C,8,2000,2078,4
2021-02-16,C,9,2000,2009,5
2021-02-17,A,1,1000,998,1
2021-02-17,A,2,1000,1000,3
2021-02-17,A,3,1000,1005,4
2021-02-17,B,4,1500,1456,6
2021-02-17,B,5,1500,1500,1
2021-02-17,C,6,2000,1944,2
2021-02-17,C,7,2000,1983,2
2021-02-17,C,8,2000,2040,1
2021-02-17,C,9,2000,2045,3
2021-02-18,A,1,1000,953,2
2021-02-18,A,2,1000,998,5
2021-02-18,A,3,1000,977,5
2021-02-18,B,4,1500,1446,1
2021-02-18,B,5,1500,1473,7
2021-02-18,C,6,2000,2027,3
2021-02-18,C,7,2000,1996,10
2021-02-18,C,8,2000,1994,10
2021-02-18,C,9,2000,2064,5
2021-02-19,A,1,1000,1009,7
2021-02-19,A,2,1000,1023,8
2021-02-19,A,3,1000,996,8
2021-02-19,B,4,1500,1488,5
2021-02-19,B,5,1500,1514,8
2021-02-19,C,6,2000,2020,9
2021-02-19,C,7,2000,2010,13
2021-02-19,C,8,2000,2078,7
2021-02-19,C,9,2000,2037,8
2021-02-22,A,1,1000,1027,5
2021-02-22,A,2,1000,985,4
2021-02-22,A,3,1000,1029,5
2021-02-22,B,4,1500,1522,3
2021-02-22,B,5,1500,1497,3
2021-02-22,C,6,2000,2016,8
2021-02-22,C,7,2000,2008,2
2021-02-22,C,8,2000,2029,8
2021-02-22,C,9,2000,2099,2
2021-02-23,A,1,1000,1024,2
2021-02-23,A,2,1000,971,1
2021-02-23,A,3,1000,1003,2
2021-02-23,B,4,1500,1504,4
2021-02-23,B,5,1500,1515,3
2021-02-23,C,6,2000,2052,6
2021-02-23,C,7,2000,2015,5
2021-02-23,C,8,2000,2047,1
2021-02-23,C,9,2000,2013,6
2021-02-24,A,1,1000,990,1
2021-02-24,A,2,1000,1008,4
2021-02-24,A,3,1000,1007,3
2021-02-24,B,4,1500,1529,3
2021-02-24,B,5,1500,1496,7
2021-02-24,C,6,2000,2011,2
2021-02-24,C,7,2000,2012,10
2021-02-24,C,8,2000,2047,10
2021-02-24,C,9,2000,2050,4
2021-02-25,A,1,1000,1025,1
2021-02-25,A,2,1000,1015,1
2021-02-25,A,3,1000,985,1
2021-02-25,B,4,1500,1518,1
2021-02-25,B,5,1500,1502,6
2021-02-25,C,6,2000,2011,4
2021-02-25,C,7,2000,2009,9
2021-02-25,C,8,2000,2027,3
2021-02-25,C,9,2000,2032,1
2021-02-26,A,1,1000,1020,7
2021-02-26,A,2,1000,996,4
2021-02-26,A,3,1000,993,3
2021-02-26,B,4,1500,1520,9
2021-02-26,B,5,1500,1499,8
2021-02-26,C,6,2000,2050,11
2021-02-26,C,7,2000,2051,6
2021-02-26,C,8,2000,2015,9
2021-02-26,C,9,2000,2032,9
2021-03-02,A,1,1000,977,1
2021-03-02,A,2,1000,979,5
2021-03-02,A,3,1000,1021,1
2021-03-02,B,4,1500,1498,3
2021-03-02,B,5,1500,1521,2
2021-03-02,C,6,2000,2097,4
2021-03-02,C,7,2000,2048,2
2021-03-02,C,8,2000,2088,8
2021-03-02,C,9,2000,2075,9
2021-03-03,A,1,1000,1019,4
2021-03-03,A,2,1000,997,1
2021-03-03,A,3,1000,1023,3
2021-03-03,B,4,1500,1510,7
2021-03-03,B,5,1500,1496,5
2021-03-03,C,6,2000,2086,2
2021-03-03,C,7,2000,2097,2
2021-03-03,C,8,2000,2028,7
2021-03-03,C,9,2000,2041,3
2021-03-04,A,1,1000,1018,3
2021-03-04,A,2,1000,998,1
2021-03-04,A,3,1000,991,2
2021-03-04,B,4,1500,1503,4
2021-03-04,B,5,1500,1504,2
2021-03-04,C,6,2000,2054,4
2021-03-04,C,7,2000,2096,3
2021-03-04,C,8,2000,2050,5
2021-03-04,C,9,2000,2059,7
2021-03-05,A,1,1000,1015,1
2021-03-05,A,2,1000,1021,4
2021-03-05,A,3,1000,976,3
2021-03-05,B,4,1500,1509,4
2021-03-05,B,5,1500,1509,7
2021-03-05,C,6,2000,2065,4
2021-03-05,C,7,2000,2036,2
2021-03-05,C,8,2000,2053,4
2021-03-05,C,9,2000,2039,4
2021-03-08,A,1,1000,1019,2
2021-03-08,A,2,1000,1019,1
2021-03-08,A,3,1000,974,4
2021-03-08,B,4,1500,1514,2
2021-03-08,B,5,1500,1494,6
2021-03-08,C,6,2000,2015,4
2021-03-08,C,7,2000,2025,2
2021-03-08,C,8,2000,2027,8
2021-03-08,C,9,2000,2057,1
2021-03-09,A,1,1000,985,2
2021-03-09,A,2,1000,981,2
2021-03-09,A,3,1000,988,3
2021-03-09,B,4,1500,1489,2
2021-03-09,B,5,1500,1515,4
2021-03-09,C,6,2000,2073,3
2021-03-09,C,7,2000,2060,9
2021-03-09,C,8,2000,2089,4
2021-03-09,C,9,2000,2061,1
2021-03-10,A,1,1000,998,7
2021-03-10,A,2,1000,975,3
2021-03-10,A,3,1000,982,6
2021-03-10,B,4,1500,1509,7
2021-03-10,B,5,1500,1488,7
2021-03-10,C,6,2000,2096,9
2021-03-10,C,7,2000,2020,8
2021-03-10,C,8,2000,2064,14
2021-03-10,C,9,2000,2029,13
2021-03-11,A,1,1000,987,2
2021-03-11,A,2,1000,1015,3
2021-03-11,A,3,1000,984,2
2021-03-11,B,4,1500,1487,2
2021-03-11,B,5,1500,1514,7
2021-03-11,C,6,2000,2078,7
2021-03-11,C,7,2000,2076,7
2021-03-11,C,8,2000,2009,1
2021-03-11,C,9,2000,2083,4
2021-03-12,A,1,1000,998,5
2021-03-12,A,2,1000,974,1
2021-03-12,A,3,1000,997,3
2021-03-12,B,4,1500,1525,5
2021-03-12,B,5,1500,1504,4
2021-03-12,C,6,2000,2034,7
2021-03-12,C,7,2000,2064,6
2021-03-12,C,8,2000,2018,9
2021-03-12,C,9,2000,2033,8
2021-03-15,A,1,1000,980,4
2021-03-15,A,2,1000,991,4
2021-03-15,A,3,1000,1003,4
2021-03-15,B,4,1500,1501,3
2021-03-15,B,5,1500,1500,1
2021-03-15,C,6,2000,2039,8
2021-03-15,C,7,2000,2095,2
2021-03-15,C,8,2000,2021,6
2021-03-15,C,9,2000,2075,6
2021-03-16,A,1,1000,1000,4
2021-03-16,A,2,1000,997,2
2021-03-16,A,3,1000,978,2
2021-03-16,B,4,1500,1496,2
2021-03-16,B,5,1500,1512,5
2021-03-16,C,6,2000,2052,8
2021-03-16,C,7,2000,2085,6
2021-03-16,C,8,2000,2095,2
2021-03-16,C,9,2000,2041,5
2021-03-17,A,1,1000,976,4
2021-03-17,A,2,1000,1005,7
2021-03-17,A,3,1000,972,5
2021-03-17,B,4,1500,1487,9
2021-03-17,B,5,1500,1491,6
2021-03-17,C,6,2000,2094,10
2021-03-17,C,7,2000,2018,9
2021-03-17,C,8,2000,2080,14
2021-03-17,C,9,2000,2044,16
2021-03-18,A,1,1000,1028,4
2021-03-18,A,2,1000,1008,1
2021-03-18,A,3,1000,997,4
2021-03-18,B,4,1500,1498,5
2021-03-18,B,5,1500,1505,5
2021-03-18,C,6,2000,2048,6
2021-03-18,C,7,2000,2086,6
2021-03-18,C,8,2000,2008,6
2021-03-18,C,9,2000,2002,4
2021-03-19,A,1,1000,1007,1
2021-03-19,A,2,1000,1011,2
2021-03-19,A,3,1000,1014,2
2021-03-19,B,4,1500,1515,2
2021-03-19,B,5,1500,1488,3
2021-03-19,C,6,2000,2002,2
2021-03-19,C,7,2000,2056,9
2021-03-19,C,8,2000,2085,3
2021-03-19,C,9,2000,2036,3
2021-03-22,A,1,1000,1003,1
2021-03-22,A,2,1000,998,5
2021-03-22,A,3,1000,1007,1
2021-03-22,B,4,1500,1514,4
2021-03-22,B,5,1500,1489,6
2021-03-22,C,6,2000,2004,2
2021-03-22,C,7,2000,2067,2
2021-03-22,C,8,2000,2092,6
2021-03-22,C,9,2000,2013,10
2021-03-23,A,1,1000,1015,4
2021-03-23,A,2,1000,1020,4
2021-03-23,A,3,1000,998,4
2021-03-23,B,4,1500,1519,4
2021-03-23,B,5,1500,1526,2
2021-03-23,C,6,2000,2026,3
2021-03-23,C,7,2000,2028,9
2021-03-23,C,8,2000,2029,7
2021-03-23,C,9,2000,2083,3
2021-03-24,A,1,1000,988,2
2021-03-24,A,2,1000,994,3
2021-03-24,A,3,1000,983,4
2021-03-24,B,4,1500,1501,5
2021-03-24,B,5,1500,1512,4
2021-03-24,C,6,2000,2015,10
2021-03-24,C,7,2000,2072,5
2021-03-24,C,8,2000,2028,2
2021-03-24,C,9,2000,2014,5
2021-03-25,A,1,1000,1025,4
2021-03-25,A,2,1000,972,5
2021-03-25,A,3,1000,983,3
2021-03-25,B,4,1500,1496,7
2021-03-25,B,5,1500,1522,5
2021-03-25,C,6,2000,2053,5
2021-03-25,C,7,2000,2071,7
2021-03-25,C,8,2000,2037,10
2021-03-25,C,9,2000,2073,3
2021-03-26,A,1,1000,975,7
2021-03-26,A,2,1000,991,8
2021-03-26,A,3,1000,1010,5
2021-03-26,B,4,1500,1525,7
2021-03-26,B,5,1500,1520,7
2021-03-26,C,6,2000,2092,11
2021-03-26,C,7,2000,2028,10
2021-03-26,C,8,2000,2071,10
2021-03-26,C,9,2000,2058,8
2021-03-29,A,1,1000,1002,4
2021-03-29,A,2,1000,993,5
2021-03-29,A,3,1000,1021,3
2021-03-29,B,4,1500,1523,1
2021-03-29,B,5,1500,1497,5
2021-03-29,C,6,2000,2069,9
2021-03-29,C,7,2000,2069,7
2021-03-29,C,8,2000,2001,9
2021-03-29,C,9,2000,2013,3
2021-03-30,A,1,1000,1029,1
2021-03-30,A,2,1000,1023,1
2021-03-30,A,3,1000,977,1
2021-03-30,B,4,1500,1502,2
2021-03-30,B,5,1500,1499,5
2021-03-30,C,6,2000,2022,10
2021-03-30,C,7,2000,2013,2
2021-03-30,C,8,2000,2091,5
2021-03-30,C,9,2000,2042,2
2021-03-31,A,1,1000,978,4
2021-03-31,A,2,1000,1024,7
2021-03-31,A,3,1000,1025,3
2021-03-31,B,4,1500,1500,9
2021-03-31,B,5,1500,1487,5
2021-03-31,C,6,2000,2001,15
2021-03-31,C,7,2000,2033,16
2021-03-31,C,8,2000,2017,15
2021-03-31,C,9,2000,2071,12
2021-04-01,A,1,1000,974,2
2021-04-01,A,2,1000,991,1
2021-04-01,A,3,1000,995,3
2021-04-01,B,4,1500,1488,7
2021-04-01,B,5,1500,1505,6
2021-04-01,C,6,2000,2064,9
2021-04-01,C,7,2000,2087,7
2021-04-01,C,8,2000,2004,6
2021-04-01,C,9,2000,2071,6
2021-04-02,A,1,1000,977,4
2021-04-02,A,2,1000,982,2
2021-04-02,A,3,1000,973,4
2021-04-02,B,4,1500,1503,4
2021-04-02,B,5,1500,1517,5
2021-04-02,C,6,2000,2076,3
2021-04-02,C,7,2000,2007,9
2021-04-02,C,8,2000,2085,4
2021-04-02,C,9,2000,2056,8
2021-04-05,A,1,1000,976,3
2021-04-05,A,2,1000,982,1
2021-04-05,A,3,1000,1002,2
2021-04-05,B,4,1500,1499,4
2021-04-05,B,5,1500,1525,2
2021-04-05,C,6,2000,2054,7
2021-04-05,C,7,2000,2072,3
2021-04-05,C,8,2000,2074,2
2021-04-05,C,9,2000,2090,1
2021-04-06,A,1,1000,1024,3
2021-04-06,A,2,1000,997,3
2021-04-06,A,3,1000,1006,1
2021-04-06,B,4,1500,1501,2
2021-04-06,B,5,1500,1529,5
2021-04-06,C,6,2000,2084,2
2021-04-06,C,7,2000,2097,10
2021-04-06,C,8,2000,2100,4
2021-04-06,C,9,2000,2004,3
2021-04-07,A,1,1000,1019,4
2021-04-07,A,2,1000,1017,5
2021-04-07,A,3,1000,1020,3
2021-04-07,B,4,1500,1492,3
2021-04-07,B,5,1500,1492,6
2021-04-07,C,6,2000,2024,9
2021-04-07,C,7,2000,2002,8
2021-04-07,C,8,2000,2025,2
2021-04-07,C,9,2000,2023,9
2021-04-08,A,1,1000,982,3
2021-04-08,A,2,1000,1020,4
2021-04-08,A,3,1000,1000,3
2021-04-08,B,4,1500,1527,3
2021-04-08,B,5,1500,1517,4
2021-04-08,C,6,2000,2087,9
2021-04-08,C,7,2000,2098,1
2021-04-08,C,8,2000,2036,5
2021-04-08,C,9,2000,2023,2
2021-04-09,A,1,1000,1000,5
2021-04-09,A,2,1000,990,3
2021-04-09,A,3,1000,984,1
2021-04-09,B,4,1500,1505,7
2021-04-09,B,5,1500,1527,4
2021-04-09,C,6,2000,2018,3
2021-04-09,C,7,2000,2096,8
2021-04-09,C,8,2000,2061,6
2021-04-09,C,9,2000,2096,1
2021-04-12,A,1,1000,994,4
2021-04-12,A,2,1000,981,5
2021-04-12,A,3,1000,993,1
2021-04-12,B,4,1500,1507,5
2021-04-12,B,5,1500,1470,5
2021-04-12,C,6,2000,2033,5
2021-04-12,C,7,2000,1996,6
2021-04-12,C,8,2000,1983,10
2021-04-12,C,9,2000,2042,2
2021-04-13,A,1,1000,981,3
2021-04-13,A,2,1000,971,3
2021-04-13,A,3,1000,1025,1
2021-04-13,B,4,1500,1516,4
2021-04-13,B,5,1500,1518,4
2021-04-13,C,6,2000,2035,8
2021-04-13,C,7,2000,2037,3
2021-04-13,C,8,2000,2059,2
2021-04-13,C,9,2000,2087,5
2021-04-14,A,1,1000,980,1
2021-04-14,A,2,1000,1015,3
2021-04-14,A,3,1000,1011,3
2021-04-14,B,4,1500,1519,7
2021-04-14,B,5,1500,1510,4
2021-04-14,C,6,2000,2036,9
2021-04-14,C,7,2000,2025,5
2021-04-14,C,8,2000,2048,8
2021-04-14,C,9,2000,2080,8
2021-04-15,A,1,1000,1000,3
2021-04-15,A,2,1000,1029,5
2021-04-15,A,3,1000,1006,1
2021-04-15,B,4,1500,1527,4
2021-04-15,B,5,1500,1496,5
2021-04-15,C,6,2000,2003,8
2021-04-15,C,7,2000,2023,4
2021-04-15,C,8,2000,2068,5
2021-04-15,C,9,2000,2007,7
2021-04-16,A,1,1000,997,2
2021-04-16,A,2,1000,971,2
2021-04-16,A,3,1000,996,2
2021-04-16,B,4,1500,1510,4
2021-04-16,B,5,1500,1520,1
2021-04-16,C,6,2000,2072,2
2021-04-16,C,7,2000,2080,2
2021-04-16,C,8,2000,2013,6
2021-04-16,C,9,2000,2007,4
2021-04-19,A,1,1000,1016,1
2021-04-19,A,2,1000,999,2
2021-04-19,A,3,1000,1000,3
2021-04-19,B,4,1500,1494,4
2021-04-19,B,5,1500,1516,4
2021-04-19,C,6,2000,2088,9
2021-04-19,C,7,2000,2014,8
2021-04-19,C,8,2000,2052,3
2021-04-19,C,9,2000,2099,3
2021-04-20,A,1,1000,989,4
2021-04-20,A,2,1000,979,1
2021-04-20,A,3,1000,1021,3
2021-04-20,B,4,1500,1525,6
2021-04-20,B,5,1500,1530,1
2021-04-20,C,6,2000,2056,7
2021-04-20,C,7,2000,2003,3
2021-04-20,C,8,2000,2082,7
2021-04-20,C,9,2000,2003,1
2021-04-21,A,1,1000,1030,4
2021-04-21,A,2,1000,1008,3
2021-04-21,A,3,1000,1016,6
2021-04-21,B,4,1500,1494,6
2021-04-21,B,5,1500,1489,8
2021-04-21,C,6,2000,2026,10
2021-04-21,C,7,2000,2080,7
2021-04-21,C,8,2000,2050,13
2021-04-21,C,9,2000,2099,11
2021-04-22,A,1,1000,1009,1
2021-04-22,A,2,1000,1028,2
2021-04-22,A,3,1000,973,1
2021-04-22,B,4,1500,1507,4
2021-04-22,B,5,1500,1500,7
2021-04-22,C,6,2000,2092,4
2021-04-22,C,7,2000,2096,3
2021-04-22,C,8,2000,2024,3
2021-04-22,C,9,2000,2007,10
2021-04-23,A,1,1000,989,4
2021-04-23,A,2,1000,1026,1
2021-04-23,A,3,1000,1009,3
2021-04-23,B,4,1500,1504,6
2021-04-23,B,5,1500,1525,2
2021-04-23,C,6,2000,2063,8
2021-04-23,C,7,2000,2056,5
2021-04-23,C,8,2000,2022,6
2021-04-23,C,9,2000,2075,4
2021-04-26,A,1,1000,979,3
2021-04-26,A,2,1000,1002,1
2021-04-26,A,3,1000,976,3
2021-04-26,B,4,1500,1520,6
2021-04-26,B,5,1500,1496,4
2021-04-26,C,6,2000,2039,1
2021-04-26,C,7,2000,2008,9
2021-04-26,C,8,2000,2030,4
2021-04-26,C,9,2000,2060,9
2021-04-27,A,1,1000,1008,2
2021-04-27,A,2,1000,1019,3
2021-04-27,A,3,1000,983,3
2021-04-27,B,4,1500,1518,3
2021-04-27,B,5,1500,1504,3
2021-04-27,C,6,2000,2001,4
2021-04-27,C,7,2000,2058,4
2021-04-27,C,8,2000,2027,3
2021-04-27,C,9,2000,2017,6
2021-04-28,A,1,1000,972,2
2021-04-28,A,2,1000,1022,3
2021-04-28,A,3,1000,983,5
2021-04-28,B,4,1500,1505,6
2021-04-28,B,5,1500,1497,7
2021-04-28,C,6,2000,2008,4
2021-04-28,C,7,2000,2028,4
2021-04-28,C,8,2000,2050,8
2021-04-28,C,9,2000,2063,7
2021-04-29,A,1,1000,985,2
2021-04-29,A,2,1000,1015,2
2021-04-29,A,3,1000,995,1
2021-04-29,B,4,1500,1500,2
2021-04-29,B,5,1500,1513,2
2021-04-29,C,6,2000,2005,4
2021-04-29,C,7,2000,2044,4
2021-04-29,C,8,2000,2095,6
2021-04-29,C,9,2000,2079,2
2021-04-30,A,1,1000,999,1
2021-04-30,A,2,1000,969,2
2021-04-30,A,3,1000,988,3
2021-04-30,B,4,1500,1476,3
2021-04-30,B,5,1500,1466,4
2021-04-30,C,6,2000,2023,7
2021-04-30,C,7,2000,2033,7
2021-04-30,C,8,2000,2039,10
2021-04-30,C,9,2000,2061,8
2021-05-03,A,1,1000,1024,4
2021-05-03,A,2,1000,988,1
2021-05-03,A,3,1000,997,2
2021-05-03,B,4,1500,1493,3
2021-05-03,B,5,1500,1510,3
2021-05-03,C,6,2000,2043,8
2021-05-03,C,7,2000,2067,3
2021-05-03,C,8,2000,2082,3
2021-05-03,C,9,2000,2050,9
2021-05-04,A,1,1000,961,1
2021-05-04,A,2,1000,1012,2
2021-05-04,A,3,1000,978,1
2021-05-04,B,4,1500,1450,2
2021-05-04,B,5,1500,1495,2
2021-05-04,C,6,2000,1981,8
2021-05-04,C,7,2000,1972,9
2021-05-04,C,8,2000,2052,8
2021-05-04,C,9,2000,1971,1
2021-05-06,A,1,1000,1026,3
2021-05-06,A,2,1000,993,3
2021-05-06,A,3,1000,1015,4
2021-05-06,B,4,1500,1511,6
2021-05-06,B,5,1500,1489,6
2021-05-06,C,6,2000,2032,7
2021-05-06,C,7,2000,2097,11
2021-05-06,C,8,2000,2040,9
2021-05-06,C,9,2000,2088,13
2021-05-07,A,1,1000,1024,3
2021-05-07,A,2,1000,1000,2
2021-05-07,A,3,1000,972,3
2021-05-07,B,4,1500,1511,3
2021-05-07,B,5,1500,1506,6
2021-05-07,C,6,2000,2003,9
2021-05-07,C,7,2000,2071,8
2021-05-07,C,8,2000,2098,6
2021-05-07,C,9,2000,2096,1
2021-05-10,A,1,1000,970,5
2021-05-10,A,2,1000,1014,5
2021-05-10,A,3,1000,986,4
2021-05-10,B,4,1500,1493,6
2021-05-10,B,5,1500,1511,5
2021-05-10,C,6,2000,2087,6
2021-05-10,C,7,2000,2091,10
2021-05-10,C,8,2000,2098,8
2021-05-10,C,9,2000,2020,10
2021-05-11,A,1,1000,996,6
2021-05-11,A,2,1000,1023,5
2021-05-11,A,3,1000,1009,6
2021-05-11,B,4,1500,1488,7
2021-05-11,B,5,1500,1506,8
2021-05-11,C,6,2000,2079,14
2021-05-11,C,7,2000,2020,16
2021-05-11,C,8,2000,2050,7
2021-05-11,C,9,2000,2056,9
2021-05-12,A,1,1000,1019,4
2021-05-12,A,2,1000,995,4
2021-05-12,A,3,1000,981,2
2021-05-12,B,4,1500,1515,3
2021-05-12,B,5,1500,1518,2
2021-05-12,C,6,2000,2058,7
2021-05-12,C,7,2000,2087,8
2021-05-12,C,8,2000,2036,3
2021-05-12,C,9,2000,2060,3
2021-05-13,A,1,1000,996,1
2021-05-13,A,2,1000,1014,2
2021-05-13,A,3,1000,1015,3
2021-05-13,B,4,1500,1489,2
2021-05-13,B,5,1500,1486,5
2021-05-13,C,6,2000,2026,4
2021-05-13,C,7,2000,2078,1
2021-05-13,C,8,2000,2074,8
2021-05-13,C,9,2000,2052,2
2021-05-14,A,1,1000,974,4
2021-05-14,A,2,1000,972,4
2021-05-14,A,3,1000,981,1
2021-05-14,B,4,1500,1493,4
2021-05-14,B,5,1500,1492,5
2021-05-14,C,6,2000,2047,9
2021-05-14,C,7,2000,2033,10
2021-05-14,C,8,2000,2088,7
2021-05-14,C,9,2000,2030,5
2021-05-17,A,1,1000,1000,1
2021-05-17,A,2,1000,1020,3
2021-05-17,A,3,1000,1013,4
2021-05-17,B,4,1500,1491,2
2021-05-17,B,5,1500,1496,5
2021-05-17,C,6,2000,2071,3
2021-05-17,C,7,2000,2017,8
2021-05-17,C,8,2000,2061,9
2021-05-17,C,9,2000,2055,9
2021-05-18,A,1,1000,1023,3
2021-05-18,A,2,1000,1009,1
2021-05-18,A,3,1000,1028,1
2021-05-18,B,4,1500,1490,5
2021-05-18,B,5,1500,1524,4
2021-05-18,C,6,2000,2076,10
2021-05-18,C,7,2000,2019,8
2021-05-18,C,8,2000,2003,4
2021-05-18,C,9,2000,2084,8
2021-05-20,A,1,1000,976,1
2021-05-20,A,2,1000,988,3
2021-05-20,A,3,1000,996,4
2021-05-20,B,4,1500,1516,5
2021-05-20,B,5,1500,1521,3
2021-05-20,C,6,2000,2027,8
2021-05-20,C,7,2000,2040,7
2021-05-20,C,8,2000,2012,2
2021-05-20,C,9,2000,2039,2
2021-05-21,A,1,1000,1011,2
2021-05-21,A,2,1000,980,1
2021-05-21,A,3,1000,1030,2
2021-05-21,B,4,1500,1497,6
2021-05-21,B,5,1500,1504,3
2021-05-21,C,6,2000,2078,2
2021-05-21,C,7,2000,2091,9
2021-05-21,C,8,2000,2017,9
2021-05-21,C,9,2000,2071,4
2021-05-24,A,1,1000,983,2
2021-05-24,A,2,1000,977,3
2021-05-24,A,3,1000,1019,2
2021-05-24,B,4,1500,1496,5
2021-05-24,B,5,1500,1493,7
2021-05-24,C,6,2000,2098,6
2021-05-24,C,7,2000,2095,1
2021-05-24,C,8,2000,2082,3
2021-05-24,C,9,2000,2046,5
2021-05-25,A,1,1000,1019,4
2021-05-25,A,2,1000,1022,5
2021-05-25,A,3,1000,986,4
2021-05-25,B,4,1500,1521,2
2021-05-25,B,5,1500,1519,4
2021-05-25,C,6,2000,2036,9
2021-05-25,C,7,2000,2039,5
2021-05-25,C,8,2000,2060,2
2021-05-25,C,9,2000,2005,6
2021-05-26,A,1,1000,1000,4
2021-05-26,A,2,1000,1019,4
2021-05-26,A,3,1000,1006,3
2021-05-26,B,4,1500,1504,4
2021-05-26,B,5,1500,1485,5
2021-05-26,C,6,2000,2033,2
2021-05-26,C,7,2000,2034,7
2021-05-26,C,8,2000,2062,9
2021-05-26,C,9,2000,2047,5
2021-05-27,A,1,1000,1009,2
2021-05-27,A,2,1000,1029,2
2021-05-27,A,3,1000,1000,2
2021-05-27,B,4,1500,1506,3
2021-05-27,B,5,1500,1495,4
2021-05-27,C,6,2000,2080,9
2021-05-27,C,7,2000,2030,6
2021-05-27,C,8,2000,2030,5
2021-05-27,C,9,2000,2032,4
2021-05-28,A,1,1000,964,1
2021-05-28,A,2,1000,1004,5
2021-05-28,A,3,1000,1009,3
2021-05-28,B,4,1500,1456,5
2021-05-28,B,5,1500,1470,3
2021-05-28,C,6,2000,2014,5
2021-05-28,C,7,2000,1984,9
2021-05-28,C,8,2000,2021,2
2021-05-28,C,9,2000,2003,8
2021-05-31,A,1,1000,1027,2
2021-05-31,A,2,1000,1009,2
2021-05-31,A,3,1000,1027,2
2021-05-31,B,4,1500,1488,3
2021-05-31,B,5,1500,1498,1
2021-05-31,C,6,2000,2027,8
2021-05-31,C,7,2000,2060,4
2021-05-31,C,8,2000,2015,8
2021-05-31,C,9,2000,2070,4
2021-06-01,A,1,1000,971,1
2021-06-01,A,2,1000,1008,3
2021-06-01,A,3,1000,977,1
2021-06-01,B,4,1500,1494,1
2021-06-01,B,5,1500,1522,6
2021-06-01,C,6,2000,2030,1
2021-06-01,C,7,2000,2098,4
2021-06-01,C,8,2000,2077,3
2021-06-01,C,9,2000,2006,10
2021-06-02,A,1,1000,1012,5
2021-06-02,A,2,1000,972,3
2021-06-02,A,3,1000,1017,5
2021-06-02,B,4,1500,1498,5
2021-06-02,B,5,1500,1525,3
2021-06-02,C,6,2000,2008,8
2021-06-02,C,7,2000,2001,6
2021-06-02,C,8,2000,2060,8
2021-06-02,C,9,2000,2024,4
2021-06-03,A,1,1000,971,3
2021-06-03,A,2,1000,963,4
2021-06-03,A,3,1000,974,3
2021-06-03,B,4,1500,1485,5
2021-06-03,B,5,1500,1495,4
2021-06-03,C,6,2000,1958,9
2021-06-03,C,7,2000,2029,8
2021-06-03,C,8,2000,2002,4
2021-06-03,C,9,2000,2026,5
2021-06-04,A,1,1000,1008,3
2021-06-04,A,2,1000,976,5
2021-06-04,A,3,1000,997,3
2021-06-04,B,4,1500,1489,4
2021-06-04,B,5,1500,1494,6
2021-06-04,C,6,2000,2083,6
2021-06-04,C,7,2000,2041,5
2021-06-04,C,8,2000,2004,5
2021-06-04,C,9,2000,2080,8
2021-06-07,A,1,1000,1010,3
2021-06-07,A,2,1000,998,1
2021-06-07,A,3,1000,992,1
2021-06-07,B,4,1500,1527,4
2021-06-07,B,5,1500,1529,7
2021-06-07,C,6,2000,2024,3
2021-06-07,C,7,2000,2008,3
2021-06-07,C,8,2000,2056,8
2021-06-07,C,9,2000,2004,9
2021-06-08,A,1,1000,1007,1
2021-06-08,A,2,1000,1029,3
2021-06-08,A,3,1000,1000,3
2021-06-08,B,4,1500,1491,6
2021-06-08,B,5,1500,1527,6
2021-06-08,C,6,2000,2023,6
2021-06-08,C,7,2000,2063,6
2021-06-08,C,8,2000,2052,9
2021-06-08,C,9,2000,2085,7
2021-06-09,A,1,1000,997,2
2021-06-09,A,2,1000,1011,3
2021-06-09,A,3,1000,1022,2
2021-06-09,B,4,1500,1492,6
2021-06-09,B,5,1500,1514,3
2021-06-09,C,6,2000,2055,5
2021-06-09,C,7,2000,2007,6
2021-06-09,C,8,2000,2035,6
2021-06-09,C,9,2000,2015,3
2021-06-10,A,1,1000,1007,4
2021-06-10,A,2,1000,1007,1
2021-06-10,A,3,1000,982,3
2021-06-10,B,4,1500,1521,4
2021-06-10,B,5,1500,1522,7
2021-06-10,C,6,2000,2004,6
2021-06-10,C,7,2000,2030,4
2021-06-10,C,8,2000,2023,4
2021-06-10,C,9,2000,2018,3
2021-06-11,A,1,1000,984,3
2021-06-11,A,2,1000,972,4
2021-06-11,A,3,1000,989,3
2021-06-11,B,4,1500,1513,6
2021-06-11,B,5,1500,1486,6
2021-06-11,C,6,2000,2042,4
2021-06-11,C,7,2000,2019,5
2021-06-11,C,8,2000,2051,3
2021-06-11,C,9,2000,2044,5
2021-06-14,A,1,1000,978,3
2021-06-14,A,2,1000,1006,1
2021-06-14,A,3,1000,989,4
2021-06-14,B,4,1500,1510,6
2021-06-14,B,5,1500,1522,5
2021-06-14,C,6,2000,2053,7
2021-06-14,C,7,2000,2004,10
2021-06-14,C,8,2000,2093,7
2021-06-14,C,9,2000,2002,4
2021-06-15,A,1,1000,977,4
2021-06-15,A,2,1000,1029,4
2021-06-15,A,3,1000,1001,4
2021-06-15,B,4,1500,1498,3
2021-06-15,B,5,1500,1519,6
2021-06-15,C,6,2000,2073,5
2021-06-15,C,7,2000,2014,5
2021-06-15,C,8,2000,2011,2
2021-06-15,C,9,2000,2002,5
2021-06-16,A,1,1000,976,5
2021-06-16,A,2,1000,1017,2
2021-06-16,A,3,1000,988,2
2021-06-16,B,4,1500,1526,2
2021-06-16,B,5,1500,1495,4
2021-06-16,C,6,2000,2034,4
2021-06-16,C,7,2000,2063,2
2021-06-16,C,8,2000,2039,3
2021-06-16,C,9,2000,2049,7
2021-06-17,A,1,1000,1022,2
2021-06-17,A,2,1000,1023,5
2021-06-17,A,3,1000,1025,3
2021-06-17,B,4,1500,1489,4
2021-06-17,B,5,1500,1514,4
2021-06-17,C,6,2000,2016,4
2021-06-17,C,7,2000,2010,5
2021-06-17,C,8,2000,2057,2
2021-06-17,C,9,2000,2059,7
2021-06-18,A,1,1000,1001,3
2021-06-18,A,2,1000,1021,3
2021-06-18,A,3,1000,1000,1
2021-06-18,B,4,1500,1513,3
2021-06-18,B,5,1500,1489,6
2021-06-18,C,6,2000,2053,6
2021-06-18,C,7,2000,2040,7
2021-06-18,C,8,2000,2098,5
2021-06-18,C,9,2000,2100,2
2021-06-21,A,1,1000,994,3
2021-06-21,A,2,1000,1020,3
2021-06-21,A,3,1000,1015,3
2021-06-21,B,4,1500,1491,3
2021-06-21,B,5,1500,1493,4
2021-06-21,C,6,2000,2045,4
2021-06-21,C,7,2000,2072,9
2021-06-21,C,8,2000,2009,8
2021-06-21,C,9,2000,2001,10
2021-06-22,A,1,1000,1006,3
2021-06-22,A,2,1000,975,5
2021-06-22,A,3,1000,979,4
2021-06-22,B,4,1500,1513,6
2021-06-22,B,5,1500,1520,7
2021-06-22,C,6,2000,2056,7
2021-06-22,C,7,2000,2037,4
2021-06-22,C,8,2000,2038,6
2021-06-22,C,9,2000,2062,8
2021-06-23,A,1,1000,1016,4
2021-06-23,A,2,1000,1020,2
2021-06-23,A,3,1000,970,3
2021-06-23,B,4,1500,1526,3
2021-06-23,B,5,1500,1519,2
2021-06-23,C,6,2000,2004,9
2021-06-23,C,7,2000,2084,3
2021-06-23,C,8,2000,2019,5
2021-06-23,C,9,2000,2092,10
2021-06-24,A,1,1000,992,2
2021-06-24,A,2,1000,970,4
2021-06-24,A,3,1000,1016,4
2021-06-24,B,4,1500,1485,7
2021-06-24,B,5,1500,1509,4
2021-06-24,C,6,2000,2027,4
2021-06-24,C,7,2000,2010,5
2021-06-24,C,8,2000,2017,10
2021-06-24,C,9,2000,2052,8
2021-06-25,A,1,1000,997,3
2021-06-25,A,2,1000,1003,3
2021-06-25,A,3,1000,1004,3
2021-06-25,B,4,1500,1509,7
2021-06-25,B,5,1500,1523,7
2021-06-25,C,6,2000,2078,7
2021-06-25,C,7,2000,2010,6
2021-06-25,C,8,2000,2051,2
2021-06-25,C,9,2000,2063,10
2021-06-28,A,1,1000,984,2
2021-06-28,A,2,1000,1029,2
2021-06-28,A,3,1000,1006,2
2021-06-28,B,4,1500,1497,2
2021-06-28,B,5,1500,1485,3
2021-06-28,C,6,2000,2073,8
2021-06-28,C,7,2000,2055,3
2021-06-28,C,8,2000,2081,8
2021-06-28,C,9,2000,2090,8
2021-06-29,A,1,1000,1017,1
2021-06-29,A,2,1000,992,1
2021-06-29,A,3,1000,978,3
2021-06-29,B,4,1500,1510,2
2021-06-29,B,5,1500,1508,3
2021-06-29,C,6,2000,2051,5
2021-06-29,C,7,2000,2004,4
2021-06-29,C,8,2000,2070,6
2021-06-29,C,9,2000,2037,3
2021-06-30,A,1,1000,980,3
2021-06-30,A,2,1000,1014,2
2021-06-30,A,3,1000,984,2
2021-06-30,B,4,1500,1523,5
2021-06-30,B,5,1500,1510,5
2021-06-30,C,6,2000,2003,2
2021-06-30,C,7,2000,2011,6
2021-06-30,C,8,2000,2076,4
2021-06-30,C,9,2000,2090,3
2021-07-01,A,1,1000,983,9
2021-07-01,A,2,1000,987,9
2021-07-01,A,3,1000,987,7
2021-07-01,B,4,1500,1486,9
2021-07-01,B,5,1500,1489,11
2021-07-01,C,6,2000,2088,18
2021-07-01,C,7,2000,2082,13
2021-07-01,C,8,2000,2083,19
2021-07-01,C,9,2000,2054,19
2021-07-02,A,1,1000,1025,1
2021-07-02,A,2,1000,1023,2
2021-07-02,A,3,1000,1028,1
2021-07-02,B,4,1500,1516,4
2021-07-02,B,5,1500,1490,5
2021-07-02,C,6,2000,2081,7
2021-07-02,C,7,2000,2048,4
2021-07-02,C,8,2000,2027,6
2021-07-02,C,9,2000,2095,3
2021-07-05,A,1,1000,1017,1
2021-07-05,A,2,1000,1011,3
2021-07-05,A,3,1000,977,4
2021-07-05,B,4,1500,1503,4
2021-07-05,B,5,1500,1496,5
2021-07-05,C,6,2000,2047,6
2021-07-05,C,7,2000,2007,4
2021-07-05,C,8,2000,2051,5
2021-07-05,C,9,2000,2065,6
2021-07-06,A,1,1000,1026,8
2021-07-06,A,2,1000,981,7
2021-07-06,A,3,1000,1009,9
2021-07-06,B,4,1500,1503,9
2021-07-06,B,5,1500,1492,9
2021-07-06,C,6,2000,2056,18
2021-07-06,C,7,2000,2017,18
2021-07-06,C,8,2000,2047,14
2021-07-06,C,9,2000,2015,16
2021-07-07,A,1,1000,965,2
2021-07-07,A,2,1000,958,2
2021-07-07,A,3,1000,978,3
2021-07-07,B,4,1500,1501,1
2021-07-07,B,5,1500,1464,1
2021-07-07,C,6,2000,2060,3
2021-07-07,C,7,2000,2006,2
2021-07-07,C,8,2000,2006,8
2021-07-07,C,9,2000,1955,2
2021-07-08,A,1,1000,1026,1
2021-07-08,A,2,1000,995,2
2021-07-08,A,3,1000,1008,4
2021-07-08,B,4,1500,1508,5
2021-07-08,B,5,1500,1488,3
2021-07-08,C,6,2000,2010,4
2021-07-08,C,7,2000,2093,5
2021-07-08,C,8,2000,2020,6
2021-07-08,C,9,2000,2023,10
2021-07-09,A,1,1000,999,1
2021-07-09,A,2,1000,1029,2
2021-07-09,A,3,1000,982,4
2021-07-09,B,4,1500,1522,1
2021-07-09,B,5,1500,1489,2
2021-07-09,C,6,2000,2091,4
2021-07-09,C,7,2000,2004,8
2021-07-09,C,8,2000,2039,8
2021-07-09,C,9,2000,2052,7
2021-07-12,A,1,1000,983,7
2021-07-12,A,2,1000,983,8
2021-07-12,A,3,1000,1002,7
2021-07-12,B,4,1500,1476,14
2021-07-12,B,5,1500,1512,15
2021-07-12,C,6,2000,1974,11
2021-07-12,C,7,2000,2000,17
2021-07-12,C,8,2000,2018,12
2021-07-12,C,9,2000,1991,14
2021-07-13,A,1,1000,1013,6
2021-07-13,A,2,1000,1012,7
2021-07-13,A,3,1000,975,8
2021-07-13,B,4,1500,1523,8
2021-07-13,B,5,1500,1526,10
2021-07-13,C,6,2000,2078,13
2021-07-13,C,7,2000,2073,16
2021-07-13,C,8,2000,2014,11
2021-07-13,C,9,2000,2048,16
2021-07-14,A,1,1000,974,8
2021-07-14,A,2,1000,970,7
2021-07-14,A,3,1000,990,8
2021-07-14,B,4,1500,1489,13
2021-07-14,B,5,1500,1481,8
2021-07-14,C,6,2000,2035,17
2021-07-14,C,7,2000,1980,12
2021-07-14,C,8,2000,2003,20
2021-07-14,C,9,2000,2043,11
2021-07-15,A,1,1000,965,7
2021-07-15,A,2,1000,966,7
2021-07-15,A,3,1000,968,9
2021-07-15,B,4,1500,1483,8
2021-07-15,B,5,1500,1480,10
2021-07-15,C,6,2000,2005,11
2021-07-15,C,7,2000,2002,11
2021-07-15,C,8,2000,1999,14
2021-07-15,C,9,2000,2012,17
2021-07-16,A,1,1000,944,3
2021-07-16,A,2,1000,992,1
2021-07-16,A,3,1000,980,3
2021-07-16,B,4,1500,1456,1
2021-07-16,B,5,1500,1485,5
2021-07-16,C,6,2000,1983,6
2021-07-16,C,7,2000,2032,4
2021-07-16,C,8,2000,2033,9
2021-07-16,C,9,2000,2048,1
2021-07-19,A,1,1000,989,5
2021-07-19,A,2,1000,959,6
2021-07-19,A,3,1000,968,7
2021-07-19,B,4,1500,1489,13
2021-07-19,B,5,1500,1465,9
2021-07-19,C,6,2000,1971,13
2021-07-19,C,7,2000,2012,17
2021-07-19,C,8,2000,2044,15
2021-07-19,C,9,2000,2019,13
2021-07-20,A,1,1000,980,8
2021-07-20,A,2,1000,1023,10
2021-07-20,A,3,1000,1003,7
2021-07-20,B,4,1500,1489,15
2021-07-20,B,5,1500,1522,10
2021-07-20,C,6,2000,2059,20
2021-07-20,C,7,2000,2063,15
2021-07-20,C,8,2000,2042,14
2021-07-20,C,9,2000,2072,19
2021-07-21,A,1,1000,972,3
2021-07-21,A,2,1000,973,3
2021-07-21,A,3,1000,974,1
2021-07-21,B,4,1500,1469,4
2021-07-21,B,5,1500,1489,4
2021-07-21,C,6,2000,1999,7
2021-07-21,C,7,2000,1960,3
2021-07-21,C,8,2000,2049,6
2021-07-21,C,9,2000,2012,4
2021-07-22,A,1,1000,965,4
2021-07-22,A,2,1000,979,5
2021-07-22,A,3,1000,963,4
2021-07-22,B,4,1500,1461,2
2021-07-22,B,5,1500,1485,1
2021-07-22,C,6,2000,2010,9
2021-07-22,C,7,2000,1990,10
2021-07-22,C,8,2000,1975,8
2021-07-22,C,9,2000,2057,1
2021-07-23,A,1,1000,970,1
2021-07-23,A,2,1000,981,3
2021-07-23,A,3,1000,1010,3
2021-07-23,B,4,1500,1467,1
2021-07-23,B,5,1500,1472,5
2021-07-23,C,6,2000,1992,6
2021-07-23,C,7,2000,1986,8
2021-07-23,C,8,2000,2008,2
2021-07-23,C,9,2000,2036,9
2021-07-26,A,1,1000,1016,2
2021-07-26,A,2,1000,966,3
2021-07-26,A,3,1000,953,2
2021-07-26,B,4,1500,1458,3
2021-07-26,B,5,1500,1454,2
2021-07-26,C,6,2000,2005,8
2021-07-26,C,7,2000,2016,7
2021-07-26,C,8,2000,1967,2
2021-07-26,C,9,2000,1976,9
2021-07-27,A,1,1000,986,1
2021-07-27,A,2,1000,954,3
2021-07-27,A,3,1000,963,4
2021-07-27,B,4,1500,1470,2
2021-07-27,B,5,1500,1498,3
2021-07-27,C,6,2000,1986,3
2021-07-27,C,7,2000,1963,2
2021-07-27,C,8,2000,1990,8
2021-07-27,C,9,2000,2017,4
2021-07-28,A,1,1000,974,4
2021-07-28,A,2,1000,996,2
2021-07-28,A,3,1000,952,3
2021-07-28,B,4,1500,1452,7
2021-07-28,B,5,1500,1452,4
2021-07-28,C,6,2000,2018,3
2021-07-28,C,7,2000,1995,1
2021-07-28,C,8,2000,2026,1
2021-07-28,C,9,2000,2028,6
2021-07-29,A,1,1000,985,4
2021-07-29,A,2,1000,988,3
2021-07-29,A,3,1000,979,2
2021-07-29,B,4,1500,1483,6
2021-07-29,B,5,1500,1468,6
2021-07-29,C,6,2000,1978,4
2021-07-29,C,7,2000,2017,2
2021-07-29,C,8,2000,1996,1
2021-07-29,C,9,2000,2037,8
2021-07-30,A,1,1000,949,4
2021-07-30,A,2,1000,959,3
2021-07-30,A,3,1000,962,4
2021-07-30,B,4,1500,1468,5
2021-07-30,B,5,1500,1494,5
2021-07-30,C,6,2000,2056,8
2021-07-30,C,7,2000,2008,6
2021-07-30,C,8,2000,1961,7
2021-07-30,C,9,2000,1983,8
2021-08-02,A,1,1000,1003,4
2021-08-02,A,2,1000,978,2
2021-08-02,A,3,1000,1019,5
2021-08-02,B,4,1500,1498,6
2021-08-02,B,5,1500,1517,3
2021-08-02,C,6,2000,2039,3
2021-08-02,C,7,2000,2036,7
2021-08-02,C,8,2000,2022,4
2021-08-02,C,9,2000,2071,5
2021-08-03,A,1,1000,984,7
2021-08-03,A,2,1000,997,8
2021-08-03,A,3,1000,980,6
2021-08-03,B,4,1500,1491,10
2021-08-03,B,5,1500,1491,12
2021-08-03,C,6,2000,2059,10
2021-08-03,C,7,2000,2067,16
2021-08-03,C,8,2000,2090,15
2021-08-03,C,9,2000,2055,12
2021-08-04,A,1,1000,971,8
2021-08-04,A,2,1000,962,6
2021-08-04,A,3,1000,1002,9
2021-08-04,B,4,1500,1484,9
2021-08-04,B,5,1500,1484,8
2021-08-04,C,6,2000,1985,11
2021-08-04,C,7,2000,2014,12
2021-08-04,C,8,2000,2047,19
2021-08-04,C,9,2000,2013,16
2021-08-05,A,1,1000,993,3
2021-08-05,A,2,1000,1009,1
2021-08-05,A,3,1000,974,2
2021-08-05,B,4,1500,1492,6
2021-08-05,B,5,1500,1453,4
2021-08-05,C,6,2000,2063,4
2021-08-05,C,7,2000,1991,6
2021-08-05,C,8,2000,1988,4
2021-08-05,C,9,2000,1981,9
2021-08-06,A,1,1000,965,3
2021-08-06,A,2,1000,984,1
2021-08-06,A,3,1000,974,4
2021-08-06,B,4,1500,1497,7
2021-08-06,B,5,1500,1503,5
2021-08-06,C,6,2000,1996,6
2021-08-06,C,7,2000,2014,9
2021-08-06,C,8,2000,2034,8
2021-08-06,C,9,2000,2043,6
2021-08-09,A,1,1000,953,4
2021-08-09,A,2,1000,973,1
2021-08-09,A,3,1000,963,2
2021-08-09,B,4,1500,1493,3
2021-08-09,B,5,1500,1478,6
2021-08-09,C,6,2000,1999,2
2021-08-09,C,7,2000,1999,5
2021-08-09,C,8,2000,2020,2
2021-08-09,C,9,2000,1998,2
2021-08-10,A,1,1000,956,3
2021-08-10,A,2,1000,1001,3
2021-08-10,A,3,1000,993,5
2021-08-10,B,4,1500,1498,2
2021-08-10,B,5,1500,1463,4
2021-08-10,C,6,2000,1948,8
2021-08-10,C,7,2000,2044,9
2021-08-10,C,8,2000,2041,3
2021-08-10,C,9,2000,1957,3
2021-08-11,A,1,1000,1010,7
2021-08-11,A,2,1000,983,7
2021-08-11,A,3,1000,985,9
2021-08-11,B,4,1500,1521,9
2021-08-11,B,5,1500,1513,15
2021-08-11,C,6,2000,2035,17
2021-08-11,C,7,2000,2046,19
2021-08-11,C,8,2000,2032,20
2021-08-11,C,9,2000,2076,12
2021-08-12,A,1,1000,972,2
2021-08-12,A,2,1000,1013,2
2021-08-12,A,3,1000,975,2
2021-08-12,B,4,1500,1528,2
2021-08-12,B,5,1500,1512,4
2021-08-12,C,6,2000,2086,5
2021-08-12,C,7,2000,2033,5
2021-08-12,C,8,2000,2002,3
2021-08-12,C,9,2000,2097,7
2021-08-13,A,1,1000,992,7
2021-08-13,A,2,1000,974,10
2021-08-13,A,3,1000,987,9
2021-08-13,B,4,1500,1498,15
2021-08-13,B,5,1500,1505,14
2021-08-13,C,6,2000,2063,18
2021-08-13,C,7,2000,2047,20
2021-08-13,C,8,2000,2062,17
2021-08-13,C,9,2000,2056,14
2021-08-17,A,1,1000,1005,1
2021-08-17,A,2,1000,982,1
2021-08-17,A,3,1000,1004,3
2021-08-17,B,4,1500,1515,1
2021-08-17,B,5,1500,1496,1
2021-08-17,C,6,2000,2045,4
2021-08-17,C,7,2000,2008,2
2021-08-17,C,8,2000,2054,10
2021-08-17,C,9,2000,2031,2
2021-08-18,A,1,1000,982,2
2021-08-18,A,2,1000,985,1
2021-08-18,A,3,1000,1020,3
2021-08-18,B,4,1500,1496,3
2021-08-18,B,5,1500,1526,1
2021-08-18,C,6,2000,2042,2
2021-08-18,C,7,2000,2038,5
2021-08-18,C,8,2000,2004,5
2021-08-18,C,9,2000,2063,9
2021-08-19,A,1,1000,977,4
2021-08-19,A,2,1000,984,4
2021-08-19,A,3,1000,1011,3
2021-08-19,B,4,1500,1511,5
2021-08-19,B,5,1500,1530,7
2021-08-19,C,6,2000,2015,3
2021-08-19,C,7,2000,2038,7
2021-08-19,C,8,2000,2042,2
2021-08-19,C,9,2000,2091,5
2021-08-20,A,1,1000,1001,4
2021-08-20,A,2,1000,974,2
2021-08-20,A,3,1000,1015,4
2021-08-20,B,4,1500,1492,2
2021-08-20,B,5,1500,1502,5
2021-08-20,C,6,2000,2042,3
2021-08-20,C,7,2000,2018,2
2021-08-20,C,8,2000,2062,6
2021-08-20,C,9,2000,2033,9
2021-08-23,A,1,1000,976,3
2021-08-23,A,2,1000,970,3
2021-08-23,A,3,1000,977,4
2021-08-23,B,4,1500,1515,2
2021-08-23,B,5,1500,1489,1
2021-08-23,C,6,2000,2067,3
2021-08-23,C,7,2000,2030,8
2021-08-23,C,8,2000,2097,9
2021-08-23,C,9,2000,2045,9
2021-08-24,A,1,1000,965,5
2021-08-24,A,2,1000,962,3
2021-08-24,A,3,1000,1001,5
2021-08-24,B,4,1500,1477,6
2021-08-24,B,5,1500,1471,5
2021-08-24,C,6,2000,1982,7
2021-08-24,C,7,2000,1993,3
2021-08-24,C,8,2000,2025,8
2021-08-24,C,9,2000,2064,1
2021-08-25,A,1,1000,1010,4
2021-08-25,A,2,1000,987,4
2021-08-25,A,3,1000,1001,4
2021-08-25,B,4,1500,1489,2
2021-08-25,B,5,1500,1495,3
2021-08-25,C,6,2000,2006,8
2021-08-25,C,7,2000,2067,9
2021-08-25,C,8,2000,2058,6
2021-08-25,C,9,2000,2032,8
2021-08-26,A,1,1000,1015,5
2021-08-26,A,2,1000,985,3
2021-08-26,A,3,1000,1000,4
2021-08-26,B,4,1500,1497,4
2021-08-26,B,5,1500,1521,7
2021-08-26,C,6,2000,2034,1
2021-08-26,C,7,2000,2008,9
2021-08-26,C,8,2000,2069,9
2021-08-26,C,9,2000,2006,2
2021-08-27,A,1,1000,1022,4
2021-08-27,A,2,1000,1020,4
2021-08-27,A,3,1000,991,3
2021-08-27,B,4,1500,1509,2
2021-08-27,B,5,1500,1524,6
2021-08-27,C,6,2000,2008,10
2021-08-27,C,7,2000,2006,9
2021-08-27,C,8,2000,2008,6
2021-08-27,C,9,2000,2093,3
2021-08-30,A,1,1000,1023,2
2021-08-30,A,2,1000,997,4
2021-08-30,A,3,1000,1021,1
2021-08-30,B,4,1500,1499,6
2021-08-30,B,5,1500,1493,5
2021-08-30,C,6,2000,2023,4
2021-08-30,C,7,2000,2014,6
2021-08-30,C,8,2000,2056,4
2021-08-30,C,9,2000,2099,2
2021-08-31,A,1,1000,964,3
2021-08-31,A,2,1000,974,3
2021-08-31,A,3,1000,968,3
2021-08-31,B,4,1500,1499,2
2021-08-31,B,5,1500,1490,3
2021-08-31,C,6,2000,2057,8
2021-08-31,C,7,2000,1978,7
2021-08-31,C,8,2000,2009,6
2021-08-31,C,9,2000,2012,3
2021-09-01,A,1,1000,1014,2
2021-09-01,A,2,1000,1007,1
2021-09-01,A,3,1000,1016,4
2021-09-01,B,4,1500,1508,1
2021-09-01,B,5,1500,1519,6
2021-09-01,C,6,2000,2047,1
2021-09-01,C,7,2000,2029,4
2021-09-01,C,8,2000,2080,10
2021-09-01,C,9,2000,2039,5
2021-09-02,A,1,1000,1012,3
2021-09-02,A,2,1000,1010,3
2021-09-02,A,3,1000,971,2
2021-09-02,B,4,1500,1504,5
2021-09-02,B,5,1500,1514,7
2021-09-02,C,6,2000,2021,9
2021-09-02,C,7,2000,2045,7
2021-09-02,C,8,2000,2011,8
2021-09-02,C,9,2000,2053,8
2021-09-03,A,1,1000,1010,3
2021-09-03,A,2,1000,998,5
2021-09-03,A,3,1000,984,1
2021-09-03,B,4,1500,1526,1
2021-09-03,B,5,1500,1526,7
2021-09-03,C,6,2000,2070,7
2021-09-03,C,7,2000,2090,8
2021-09-03,C,8,2000,2074,8
2021-09-03,C,9,2000,2033,2
2021-09-06,A,1,1000,990,4
2021-09-06,A,2,1000,989,4
2021-09-06,A,3,1000,975,1
2021-09-06,B,4,1500,1460,7
2021-09-06,B,5,1500,1503,7
2021-09-06,C,6,2000,2026,4
2021-09-06,C,7,2000,2045,9
2021-09-06,C,8,2000,1965,9
2021-09-06,C,9,2000,2030,3
2021-09-07,A,1,1000,984,2
2021-09-07,A,2,1000,972,1
2021-09-07,A,3,1000,969,1
2021-09-07,B,4,1500,1478,6
2021-09-07,B,5,1500,1501,2
2021-09-07,C,6,2000,1953,6
2021-09-07,C,7,2000,2069,2
2021-09-07,C,8,2000,1982,2
2021-09-07,C,9,2000,2046,10
2021-09-08,A,1,1000,984,1
2021-09-08,A,2,1000,992,4
2021-09-08,A,3,1000,1007,2
2021-09-08,B,4,1500,1516,1
2021-09-08,B,5,1500,1505,3
2021-09-08,C,6,2000,2027,10
2021-09-08,C,7,2000,2076,7
2021-09-08,C,8,2000,2022,9
2021-09-08,C,9,2000,2025,10
2021-09-09,A,1,1000,1008,1
2021-09-09,A,2,1000,1021,1
2021-09-09,A,3,1000,1019,1
2021-09-09,B,4,1500,1505,1
2021-09-09,B,5,1500,1516,1
2021-09-09,C,6,2000,2022,5
2021-09-09,C,7,2000,2021,4
2021-09-09,C,8,2000,2071,7
2021-09-09,C,9,2000,2022,6
2021-09-10,A,1,1000,1011,4
2021-09-10,A,2,1000,1000,2
2021-09-10,A,3,1000,1017,2
2021-09-10,B,4,1500,1499,5
2021-09-10,B,5,1500,1502,5
2021-09-10,C,6,2000,2089,1
2021-09-10,C,7,2000,2085,3
2021-09-10,C,8,2000,2037,6
2021-09-10,C,9,2000,2029,3
2021-09-13,A,1,1000,1006,3
2021-09-13,A,2,1000,987,4
2021-09-13,A,3,1000,1010,2
2021-09-13,B,4,1500,1525,2
2021-09-13,B,5,1500,1527,5
2021-09-13,C,6,2000,2060,2
2021-09-13,C,7,2000,2030,1
2021-09-13,C,8,2000,2028,7
2021-09-13,C,9,2000,2030,7
2021-09-14,A,1,1000,980,2
2021-09-14,A,2,1000,1006,1
2021-09-14,A,3,1000,1001,4
2021-09-14,B,4,1500,1523,3
2021-09-14,B,5,1500,1505,4
2021-09-14,C,6,2000,2097,9
2021-09-14,C,7,2000,2067,6
2021-09-14,C,8,2000,2032,3
2021-09-14,C,9,2000,2072,4
2021-09-15,A,1,1000,974,4
2021-09-15,A,2,1000,1003,4
2021-09-15,A,3,1000,971,4
2021-09-15,B,4,1500,1502,5
2021-09-15,B,5,1500,1499,5
2021-09-15,C,6,2000,2077,8
2021-09-15,C,7,2000,2001,10
2021-09-15,C,8,2000,2006,1
2021-09-15,C,9,2000,2012,9
2021-09-16,A,1,1000,1017,5
2021-09-16,A,2,1000,1008,3
2021-09-16,A,3,1000,1005,5
2021-09-16,B,4,1500,1500,3
2021-09-16,B,5,1500,1486,4
2021-09-16,C,6,2000,2063,7
2021-09-16,C,7,2000,2046,9
2021-09-16,C,8,2000,2042,5
2021-09-16,C,9,2000,2093,8
2021-09-17,A,1,1000,988,4
2021-09-17,A,2,1000,1016,5
2021-09-17,A,3,1000,1000,3
2021-09-17,B,4,1500,1517,1
2021-09-17,B,5,1500,1527,3
2021-09-17,C,6,2000,2050,8
2021-09-17,C,7,2000,2078,6
2021-09-17,C,8,2000,2061,4
2021-09-17,C,9,2000,2079,8
2021-09-23,A,1,1000,976,4
2021-09-23,A,2,1000,1004,1
2021-09-23,A,3,1000,980,4
2021-09-23,B,4,1500,1491,6
2021-09-23,B,5,1500,1523,4
2021-09-23,C,6,2000,2002,3
2021-09-23,C,7,2000,2030,6
2021-09-23,C,8,2000,2010,6
2021-09-23,C,9,2000,2044,5
2021-09-24,A,1,1000,982,4
2021-09-24,A,2,1000,993,1
2021-09-24,A,3,1000,979,5
2021-09-24,B,4,1500,1515,6
2021-09-24,B,5,1500,1487,5
2021-09-24,C,6,2000,2077,3
2021-09-24,C,7,2000,2067,5
2021-09-24,C,8,2000,2078,4
2021-09-24,C,9,2000,2007,10
2021-09-27,A,1,1000,1028,1
2021-09-27,A,2,1000,1019,4
2021-09-27,A,3,1000,1021,3
2021-09-27,B,4,1500,1506,6
2021-09-27,B,5,1500,1508,6
2021-09-27,C,6,2000,2037,9
2021-09-27,C,7,2000,2051,7
2021-09-27,C,8,2000,2005,3
2021-09-27,C,9,2000,2014,2
2021-09-28,A,1,1000,1011,2
2021-09-28,A,2,1000,988,2
2021-09-28,A,3,1000,1015,1
2021-09-28,B,4,1500,1488,4
2021-09-28,B,5,1500,1501,6
2021-09-28,C,6,2000,2027,6
2021-09-28,C,7,2000,2003,7
2021-09-28,C,8,2000,2006,1
2021-09-28,C,9,2000,2084,3
2021-09-29,A,1,1000,979,3
2021-09-29,A,2,1000,1015,1
2021-09-29,A,3,1000,995,3
2021-09-29,B,4,1500,1467,4
2021-09-29,B,5,1500,1458,5
2021-09-29,C,6,2000,2019,6
2021-09-29,C,7,2000,1957,2
2021-09-29,C,8,2000,2044,3
2021-09-29,C,9,2000,2056,4
2021-09-30,A,1,1000,1023,2
2021-09-30,A,2,1000,992,2
2021-09-30,A,3,1000,986,4
2021-09-30,B,4,1500,1498,5
2021-09-30,B,5,1500,1505,1
2021-09-30,C,6,2000,2026,9
2021-09-30,C,7,2000,2048,1
2021-09-30,C,8,2000,2074,4
2021-09-30,C,9,2000,2029,2
2021-10-01,A,1,1000,970,4
2021-10-01,A,2,1000,989,2
2021-10-01,A,3,1000,959,1
2021-10-01,B,4,1500,1496,1
2021-10-01,B,5,1500,1455,5
2021-10-01,C,6,2000,2000,7
2021-10-01,C,7,2000,1956,6
2021-10-01,C,8,2000,2010,4
2021-10-01,C,9,2000,1974,2
2021-10-05,A,1,1000,989,2
2021-10-05,A,2,1000,994,4
2021-10-05,A,3,1000,1022,2
2021-10-05,B,4,1500,1488,1
2021-10-05,B,5,1500,1506,4
2021-10-05,C,6,2000,2087,5
2021-10-05,C,7,2000,2061,2
2021-10-05,C,8,2000,2005,8
2021-10-05,C,9,2000,2059,1
2021-10-06,A,1,1000,984,3
2021-10-06,A,2,1000,999,4
2021-10-06,A,3,1000,1002,4
2021-10-06,B,4,1500,1514,6
2021-10-06,B,5,1500,1498,3
2021-10-06,C,6,2000,2044,2
2021-10-06,C,7,2000,2030,3
2021-10-06,C,8,2000,2034,8
2021-10-06,C,9,2000,2079,4
2021-10-07,A,1,1000,988,2
2021-10-07,A,2,1000,996,1
2021-10-07,A,3,1000,1006,4
2021-10-07,B,4,1500,1514,2
2021-10-07,B,5,1500,1505,6
2021-10-07,C,6,2000,2013,5
2021-10-07,C,7,2000,2040,8
2021-10-07,C,8,2000,2038,8
2021-10-07,C,9,2000,2050,8
2021-10-08,A,1,1000,1018,5
2021-10-08,A,2,1000,999,4
2021-10-08,A,3,1000,1030,5
2021-10-08,B,4,1500,1518,6
2021-10-08,B,5,1500,1522,6
2021-10-08,C,6,2000,2052,6
2021-10-08,C,7,2000,2057,10
2021-10-08,C,8,2000,2005,8
2021-10-08,C,9,2000,2044,2
2021-10-12,A,1,1000,978,4
2021-10-12,A,2,1000,991,3
2021-10-12,A,3,1000,1010,3
2021-10-12,B,4,1500,1502,3
2021-10-12,B,5,1500,1498,2
2021-10-12,C,6,2000,2060,5
2021-10-12,C,7,2000,2063,8
2021-10-12,C,8,2000,2009,7
2021-10-12,C,9,2000,2009,7
2021-10-13,A,1,1000,993,5
2021-10-13,A,2,1000,1004,4
2021-10-13,A,3,1000,985,3
2021-10-13,B,4,1500,1504,1
2021-10-13,B,5,1500,1525,5
2021-10-13,C,6,2000,2084,2
2021-10-13,C,7,2000,2099,8
2021-10-13,C,8,2000,2090,7
2021-10-13,C,9,2000,2016,6
2021-10-14,A,1,1000,990,4
2021-10-14,A,2,1000,1022,5
2021-10-14,A,3,1000,1000,2
2021-10-14,B,4,1500,1496,4
2021-10-14,B,5,1500,1514,2
2021-10-14,C,6,2000,2016,5
2021-10-14,C,7,2000,2029,10
2021-10-14,C,8,2000,2004,1
2021-10-14,C,9,2000,2071,8
2021-10-15,A,1,1000,1011,4
2021-10-15,A,2,1000,979,5
2021-10-15,A,3,1000,994,3
2021-10-15,B,4,1500,1516,3
2021-10-15,B,5,1500,1500,2
2021-10-15,C,6,2000,2044,2
2021-10-15,C,7,2000,2093,7
2021-10-15,C,8,2000,2018,9
2021-10-15,C,9,2000,2079,10
2021-10-18,A,1,1000,1024,1
2021-10-18,A,2,1000,1014,3
2021-10-18,A,3,1000,974,5
2021-10-18,B,4,1500,1496,2
2021-10-18,B,5,1500,1494,2
2021-10-18,C,6,2000,2040,7
2021-10-18,C,7,2000,2084,8
2021-10-18,C,8,2000,2085,5
2021-10-18,C,9,2000,2096,8
2021-10-19,A,1,1000,1009,1
2021-10-19,A,2,1000,1006,3
2021-10-19,A,3,1000,984,4
2021-10-19,B,4,1500,1530,2
2021-10-19,B,5,1500,1487,7
2021-10-19,C,6,2000,2093,3
2021-10-19,C,7,2000,2088,7
2021-10-19,C,8,2000,2064,7
2021-10-19,C,9,2000,2015,7
2021-10-20,A,1,1000,977,3
2021-10-20,A,2,1000,998,3
2021-10-20,A,3,1000,995,1
2021-10-20,B,4,1500,1500,7
2021-10-20,B,5,1500,1495,2
2021-10-20,C,6,2000,2078,7
2021-10-20,C,7,2000,2093,4
2021-10-20,C,8,2000,2076,4
2021-10-20,C,9,2000,2069,8
2021-10-21,A,1,1000,995,2
2021-10-21,A,2,1000,976,4
2021-10-21,A,3,1000,1010,2
2021-10-21,B,4,1500,1491,1
2021-10-21,B,5,1500,1524,2
2021-10-21,C,6,2000,2028,10
2021-10-21,C,7,2000,2041,1
2021-10-21,C,8,2000,2028,2
2021-10-21,C,9,2000,2032,7
2021-10-22,A,1,1000,991,3
2021-10-22,A,2,1000,1027,4
2021-10-22,A,3,1000,1016,1
2021-10-22,B,4,1500,1502,2
2021-10-22,B,5,1500,1515,1
2021-10-22,C,6,2000,2065,10
2021-10-22,C,7,2000,2039,9
2021-10-22,C,8,2000,2023,8
2021-10-22,C,9,2000,2044,2
2021-10-25,A,1,1000,1018,1
2021-10-25,A,2,1000,1025,1
2021-10-25,A,3,1000,1020,3
2021-10-25,B,4,1500,1490,6
2021-10-25,B,5,1500,1498,5
2021-10-25,C,6,2000,2033,6
2021-10-25,C,7,2000,2013,3
2021-10-25,C,8,2000,2030,2
2021-10-25,C,9,2000,2008,6
2021-10-26,A,1,1000,1012,1
2021-10-26,A,2,1000,1004,5
2021-10-26,A,3,1000,982,3
2021-10-26,B,4,1500,1518,6
2021-10-26,B,5,1500,1530,4
2021-10-26,C,6,2000,2053,7
2021-10-26,C,7,2000,2064,1
2021-10-26,C,8,2000,2034,6
2021-10-26,C,9,2000,2052,9
2021-10-27,A,1,1000,996,2
2021-10-27,A,2,1000,1023,3
2021-10-27,A,3,1000,1013,3
2021-10-27,B,4,1500,1525,4
2021-10-27,B,5,1500,1522,7
2021-10-27,C,6,2000,2030,9
2021-10-27,C,7,2000,2041,2
2021-10-27,C,8,2000,2019,3
2021-10-27,C,9,2000,2054,8
2021-10-28,A,1,1000,993,5
2021-10-28,A,2,1000,1012,4
2021-10-28,A,3,1000,1012,3
2021-10-28,B,4,1500,1508,5
2021-10-28,B,5,1500,1511,5
2021-10-28,C,6,2000,2016,9
2021-10-28,C,7,2000,2001,9
2021-10-28,C,8,2000,2075,6
2021-10-28,C,9,2000,2078,3
2021-10-29,A,1,1000,974,5
2021-10-29,A,2,1000,1021,2
2021-10-29,A,3,1000,978,4
2021-10-29,B,4,1500,1523,1
2021-10-29,B,5,1500,1493,3
2021-10-29,C,6,2000,2013,6
2021-10-29,C,7,2000,2045,7
2021-10-29,C,8,2000,2094,2
2021-10-29,C,9,2000,2034,5
2021-11-01,A,1,,1010,3
2021-11-01,A,2,,984,4
2021-11-01,A,3,,993,3
2021-11-01,B,4,,1510,5
2021-11-01,B,5,,1521,2
2021-11-01,C,6,,2026,3
2021-11-01,C,7,,2032,10
2021-11-01,C,8,,2075,8
2021-11-01,C,9,,2046,8
2021-11-02,A,1,,1019,1
2021-11-02,A,2,,992,4
2021-11-02,A,3,,1000,2
2021-11-02,B,4,,1516,4
2021-11-02,B,5,,1494,4
2021-11-02,C,6,,2071,3
2021-11-02,C,7,,2093,4
2021-11-02,C,8,,2026,7
2021-11-02,C,9,,2013,8
2021-11-03,A,1,,1020,2
2021-11-03,A,2,,1022,3
2021-11-03,A,3,,991,5
2021-11-03,B,4,,1523,6
2021-11-03,B,5,,1510,3
2021-11-03,C,6,,2056,9
2021-11-03,C,7,,2022,4
2021-11-03,C,8,,2036,10
2021-11-03,C,9,,2079,8
2021-11-04,A,1,,1015,1
2021-11-04,A,2,,998,2
2021-11-04,A,3,,1021,2
2021-11-04,B,4,,1519,4
2021-11-04,B,5,,1502,5
2021-11-04,C,6,,2005,2
2021-11-04,C,7,,2004,7
2021-11-04,C,8,,2023,4
2021-11-04,C,9,,2037,6
2021-11-05,A,1,,1020,2
2021-11-05,A,2,,1018,4
2021-11-05,A,3,,973,5
2021-11-05,B,4,,1511,4
2021-11-05,B,5,,1528,6
2021-11-05,C,6,,2044,6
2021-11-05,C,7,,2010,8
2021-11-05,C,8,,2075,9
2021-11-05,C,9,,2063,9
2021-11-08,A,1,,970,4
2021-11-08,A,2,,992,2
2021-11-08,A,3,,979,3
2021-11-08,B,4,,1460,5
2021-11-08,B,5,,1494,7
2021-11-08,C,6,,2032,2
2021-11-08,C,7,,1961,7
2021-11-08,C,8,,2043,7
2021-11-08,C,9,,2023,9
2021-11-09,A,1,,990,2
2021-11-09,A,2,,979,3
2021-11-09,A,3,,1026,4
2021-11-09,B,4,,1486,5
2021-11-09,B,5,,1497,7
2021-11-09,C,6,,2082,5
2021-11-09,C,7,,2038,5
2021-11-09,C,8,,2049,10
2021-11-09,C,9,,2005,9
2021-11-10,A,1,,972,5
2021-11-10,A,2,,980,4
2021-11-10,A,3,,990,1
2021-11-10,B,4,,1507,4
2021-11-10,B,5,,1524,2
2021-11-10,C,6,,2052,7
2021-11-10,C,7,,2084,9
2021-11-10,C,8,,2016,7
2021-11-10,C,9,,2094,3
2021-11-11,A,1,,1000,2
2021-11-11,A,2,,996,5
2021-11-11,A,3,,974,4
2021-11-11,B,4,,1494,5
2021-11-11,B,5,,1520,2
2021-11-11,C,6,,2002,5
2021-11-11,C,7,,2041,1
2021-11-11,C,8,,2008,8
2021-11-11,C,9,,2005,7
2021-11-12,A,1,,978,4
2021-11-12,A,2,,974,1
2021-11-12,A,3,,1000,2
2021-11-12,B,4,,1520,7
2021-11-12,B,5,,1487,2
2021-11-12,C,6,,2025,7
2021-11-12,C,7,,2083,5
2021-11-12,C,8,,2012,3
2021-11-12,C,9,,2008,3
2021-11-15,A,1,,1013,1
2021-11-15,A,2,,993,4
2021-11-15,A,3,,1001,2
2021-11-15,B,4,,1524,2
2021-11-15,B,5,,1501,5
2021-11-15,C,6,,2054,9
2021-11-15,C,7,,2043,4
2021-11-15,C,8,,2099,3
2021-11-15,C,9,,2011,3
2021-11-16,A,1,,1011,2
2021-11-16,A,2,,1012,2
2021-11-16,A,3,,973,3
2021-11-16,B,4,,1500,2
2021-11-16,B,5,,1491,3
2021-11-16,C,6,,2066,3
2021-11-16,C,7,,2060,7
2021-11-16,C,8,,2022,4
2021-11-16,C,9,,2071,2
2021-11-17,A,1,,1024,5
2021-11-17,A,2,,978,1
2021-11-17,A,3,,1028,2
2021-11-17,B,4,,1509,7
2021-11-17,B,5,,1516,2
2021-11-17,C,6,,2022,5
2021-11-17,C,7,,2030,10
2021-11-17,C,8,,2062,4
2021-11-17,C,9,,2054,2
2021-11-18,A,1,,987,1
2021-11-18,A,2,,992,3
2021-11-18,A,3,,989,2
2021-11-18,B,4,,1508,2
2021-11-18,B,5,,1488,2
2021-11-18,C,6,,2098,5
2021-11-18,C,7,,2050,9
2021-11-18,C,8,,2011,6
2021-11-18,C,9,,2003,2
2021-11-19,A,1,,988,3
2021-11-19,A,2,,994,3
2021-11-19,A,3,,993,4
2021-11-19,B,4,,1491,2
2021-11-19,B,5,,1498,5
2021-11-19,C,6,,2065,7
2021-11-19,C,7,,2090,6
2021-11-19,C,8,,2073,4
2021-11-19,C,9,,2016,9
2021-11-22,A,1,,1027,5
2021-11-22,A,2,,1012,3
2021-11-22,A,3,,998,1
2021-11-22,B,4,,1518,6
2021-11-22,B,5,,1498,3
2021-11-22,C,6,,2016,1
2021-11-22,C,7,,2079,2
2021-11-22,C,8,,2034,5
2021-11-22,C,9,,2022,3
2021-11-23,A,1,,985,2
2021-11-23,A,2,,977,2
2021-11-23,A,3,,995,1
2021-11-23,B,4,,1487,7
2021-11-23,B,5,,1501,2
2021-11-23,C,6,,2098,4
2021-11-23,C,7,,2083,4
2021-11-23,C,8,,2017,5
2021-11-23,C,9,,2015,2
2021-11-24,A,1,,997,2
2021-11-24,A,2,,1015,5
2021-11-24,A,3,,1009,4
2021-11-24,B,4,,1527,3
2021-11-24,B,5,,1486,4
2021-11-24,C,6,,2053,1
2021-11-24,C,7,,2031,2
2021-11-24,C,8,,2028,4
2021-11-24,C,9,,2019,6
2021-11-25,A,1,,971,4
2021-11-25,A,2,,986,1
2021-11-25,A,3,,982,4
2021-11-25,B,4,,1497,7
2021-11-25,B,5,,1510,4
2021-11-25,C,6,,2042,7
2021-11-25,C,7,,2018,9
2021-11-25,C,8,,2009,7
2021-11-25,C,9,,2014,4
2021-11-26,A,1,,1004,3
2021-11-26,A,2,,983,4
2021-11-26,A,3,,1009,2
2021-11-26,B,4,,1518,7
2021-11-26,B,5,,1516,7
2021-11-26,C,6,,2090,4
2021-11-26,C,7,,2016,9
2021-11-26,C,8,,2086,9
2021-11-26,C,9,,2080,7
2021-11-29,A,1,,999,4
2021-11-29,A,2,,973,1
2021-11-29,A,3,,1009,5
2021-11-29,B,4,,1519,2
2021-11-29,B,5,,1490,7
2021-11-29,C,6,,2077,4
2021-11-29,C,7,,2011,2
2021-11-29,C,8,,2085,9
2021-11-29,C,9,,2072,3
2021-11-30,A,1,,957,2
2021-11-30,A,2,,974,5
2021-11-30,A,3,,990,1
2021-11-30,B,4,,1485,6
2021-11-30,B,5,,1475,5
2021-11-30,C,6,,2073,2
2021-11-30,C,7,,1992,5
2021-11-30,C,8,,1959,9
2021-11-30,C,9,,2014,5
2021-12-01,A,1,1000,1001,4
2021-12-01,A,2,1000,984,2
2021-12-01,A,3,1000,988,2
2021-12-01,B,4,1500,1509,5
2021-12-01,B,5,1500,1519,5
2021-12-01,C,6,2000,2080,5
2021-12-01,C,7,2000,2018,2
2021-12-01,C,8,2000,2006,10
2021-12-01,C,9,2000,2098,3
2021-12-02,A,1,1000,989,2
2021-12-02,A,2,1000,976,4
2021-12-02,A,3,1000,1020,1
2021-12-02,B,4,1500,1506,1
2021-12-02,B,5,1500,1512,4
2021-12-02,C,6,2000,2002,8
2021-12-02,C,7,2000,2077,3
2021-12-02,C,8,2000,2066,4
2021-12-02,C,9,2000,2021,9
2021-12-03,A,1,1000,974,2
2021-12-03,A,2,1000,1030,2
2021-12-03,A,3,1000,991,2
2021-12-03,B,4,1500,1496,7
2021-12-03,B,5,1500,1485,2
2021-12-03,C,6,2000,2098,10
2021-12-03,C,7,2000,2076,2
2021-12-03,C,8,2000,2076,2
2021-12-03,C,9,2000,2059,4
2021-12-06,A,1,1000,973,1
2021-12-06,A,2,1000,1023,3
2021-12-06,A,3,1000,989,1
2021-12-06,B,4,1500,1489,6
2021-12-06,B,5,1500,1498,3
2021-12-06,C,6,2000,2045,5
2021-12-06,C,7,2000,2081,5
2021-12-06,C,8,2000,2095,4
2021-12-06,C,9,2000,2006,6
2021-12-07,A,1,1000,996,3
2021-12-07,A,2,1000,997,1
2021-12-07,A,3,1000,1002,5
2021-12-07,B,4,1500,1506,3
2021-12-07,B,5,1500,1522,6
2021-12-07,C,6,2000,2044,9
2021-12-07,C,7,2000,2096,9
2021-12-07,C,8,2000,2036,8
2021-12-07,C,9,2000,2035,3
2021-12-08,A,1,1000,1024,2
2021-12-08,A,2,1000,1025,1
2021-12-08,A,3,1000,993,3
2021-12-08,B,4,1500,1490,7
2021-12-08,B,5,1500,1487,2
2021-12-08,C,6,2000,2043,9
2021-12-08,C,7,2000,2089,4
2021-12-08,C,8,2000,2051,7
2021-12-08,C,9,2000,2091,7
2021-12-09,A,1,1000,977,3
2021-12-09,A,2,1000,1011,3
2021-12-09,A,3,1000,996,4
2021-12-09,B,4,1500,1502,5
2021-12-09,B,5,1500,1497,4
2021-12-09,C,6,2000,2030,3
2021-12-09,C,7,2000,2068,8
2021-12-09,C,8,2000,2005,6
2021-12-09,C,9,2000,2088,9
2021-12-10,A,1,1000,990,1
2021-12-10,A,2,1000,981,3
2021-12-10,A,3,1000,1007,2
2021-12-10,B,4,1500,1500,2
2021-12-10,B,5,1500,1526,3
2021-12-10,C,6,2000,2061,8
2021-12-10,C,7,2000,2010,5
2021-12-10,C,8,2000,2090,8
2021-12-10,C,9,2000,2051,7
2021-12-13,A,1,1000,985,4
2021-12-13,A,2,1000,980,3
2021-12-13,A,3,1000,1018,2
2021-12-13,B,4,1500,1526,5
2021-12-13,B,5,1500,1522,2
2021-12-13,C,6,2000,2047,7
2021-12-13,C,7,2000,2029,7
2021-12-13,C,8,2000,2025,8
2021-12-13,C,9,2000,2071,9
2021-12-14,A,1,1000,970,4
2021-12-14,A,2,1000,1022,4
2021-12-14,A,3,1000,977,1
2021-12-14,B,4,1500,1490,2
2021-12-14,B,5,1500,1529,4
2021-12-14,C,6,2000,2089,6
2021-12-14,C,7,2000,2070,2
2021-12-14,C,8,2000,2028,4
2021-12-14,C,9,2000,2046,6
2021-12-15,A,1,1000,1002,2
2021-12-15,A,2,1000,975,4
2021-12-15,A,3,1000,989,4
2021-12-15,B,4,1500,1520,3
2021-12-15,B,5,1500,1509,4
2021-12-15,C,6,2000,2071,6
2021-12-15,C,7,2000,2041,3
2021-12-15,C,8,2000,2090,5
2021-12-15,C,9,2000,2093,6
2021-12-16,A,1,1000,1026,1
2021-12-16,A,2,1000,1022,1
2021-12-16,A,3,1000,1005,3
2021-12-16,B,4,1500,1497,2
2021-12-16,B,5,1500,1494,6
2021-12-16,C,6,2000,2093,1
2021-12-16,C,7,2000,2081,5
2021-12-16,C,8,2000,2036,6
2021-12-16,C,9,2000,2050,9
2021-12-17,A,1,1000,970,3
2021-12-17,A,2,1000,976,1
2021-12-17,A,3,1000,1000,1
2021-12-17,B,4,1500,1469,6
2021-12-17,B,5,1500,1464,4
2021-12-17,C,6,2000,1991,3
2021-12-17,C,7,2000,1970,3
2021-12-17,C,8,2000,2006,2
2021-12-17,C,9,2000,2033,4
2021-12-20,A,1,1000,997,4
2021-12-20,A,2,1000,1009,1
2021-12-20,A,3,1000,973,1
2021-12-20,B,4,1500,1521,2
2021-12-20,B,5,1500,1488,3
2021-12-20,C,6,2000,2084,2
2021-12-20,C,7,2000,2094,9
2021-12-20,C,8,2000,2085,2
2021-12-20,C,9,2000,2051,5
2021-12-21,A,1,1000,1015,3
2021-12-21,A,2,1000,1007,3
2021-12-21,A,3,1000,999,2
2021-12-21,B,4,1500,1524,7
2021-12-21,B,5,1500,1497,3
2021-12-21,C,6,2000,2095,4
2021-12-21,C,7,2000,2006,6
2021-12-21,C,8,2000,2077,6
2021-12-21,C,9,2000,2049,9
2021-12-22,A,1,1000,1000,2
2021-12-22,A,2,1000,1029,1
2021-12-22,A,3,1000,985,1
2021-12-22,B,4,1500,1503,2
2021-12-22,B,5,1500,1501,7
2021-12-22,C,6,2000,2028,4
2021-12-22,C,7,2000,2041,4
2021-12-22,C,8,2000,2001,9
2021-12-22,C,9,2000,2047,1
2021-12-23,A,1,1000,1004,2
2021-12-23,A,2,1000,972,1
2021-12-23,A,3,1000,1003,3
2021-12-23,B,4,1500,1508,6
2021-12-23,B,5,1500,1502,5
2021-12-23,C,6,2000,2065,4
2021-12-23,C,7,2000,2051,10
2021-12-23,C,8,2000,2056,10
2021-12-23,C,9,2000,2013,3
2021-12-24,A,1,1000,1023,1
2021-12-24,A,2,1000,984,5
2021-12-24,A,3,1000,994,1
2021-12-24,B,4,1500,1509,1
2021-12-24,B,5,1500,1493,4
2021-12-24,C,6,2000,2071,8
2021-12-24,C,7,2000,2039,3
2021-12-24,C,8,2000,2060,7
2021-12-24,C,9,2000,2051,2
2021-12-27,A,1,1000,975,3
2021-12-27,A,2,1000,968,3
2021-12-27,A,3,1000,985,4
2021-12-27,B,4,1500,1475,5
2021-12-27,B,5,1500,1473,6
2021-12-27,C,6,2000,2053,5
2021-12-27,C,7,2000,1994,4
2021-12-27,C,8,2000,1996,8
2021-12-27,C,9,2000,1977,3
2021-12-28,A,1,1000,985,1
2021-12-28,A,2,1000,1004,1
2021-12-28,A,3,1000,1000,1
2021-12-28,B,4,1500,1472,7
2021-12-28,B,5,1500,1483,6
2021-12-28,C,6,2000,2014,4
2021-12-28,C,7,2000,2046,8
2021-12-28,C,8,2000,2022,6
2021-12-28,C,9,2000,2008,6
2021-12-29,A,1,1000,1007,1
2021-12-29,A,2,1000,987,3
2021-12-29,A,3,1000,972,3
2021-12-29,B,4,1500,1517,1
2021-12-29,B,5,1500,1500,3
2021-12-29,C,6,2000,2034,6
2021-12-29,C,7,2000,2037,5
2021-12-29,C,8,2000,2096,10
2021-12-29,C,9,2000,2083,8
2021-12-30,A,1,1000,996,4
2021-12-30,A,2,1000,1025,3
2021-12-30,A,3,1000,1003,3
2021-12-30,B,4,1500,1496,7
2021-12-30,B,5,1500,1525,5
2021-12-30,C,6,2000,2058,6
2021-12-30,C,7,2000,2020,7
2021-12-30,C,8,2000,2066,2
2021-12-30,C,9,2000,2069,9
2021-12-31,A,1,1000,974,5
2021-12-31,A,2,1000,999,2
2021-12-31,A,3,1000,981,2
2021-12-31,B,4,1500,1462,7
2021-12-31,B,5,1500,1457,6
2021-12-31,C,6,2000,1987,8
2021-12-31,C,7,2000,2025,8
2021-12-31,C,8,2000,2034,7
2021-12-31,C,9,2000,2018,3
